{"stats":{"minecraft:custom":{"minecraft:interact_with_furnace":26,"minecraft:mob_kills":8,"minecraft:interact_with_crafting_table":23,"minecraft:interact_with_cartography_table":1,"minecraft:open_barrel":1,"minecraft:bell_ring":3,"minecraft:leave_game":1,"minecraft:time_since_death":84029,"minecraft:sleep_in_bed":4,"minecraft:time_since_rest":8619,"minecraft:waystone_activated":1,"minecraft:sprint_one_cm":139623,"minecraft:walk_one_cm":242213,"minecraft:damage_taken":2514,"minecraft:drop":14,"minecraft:damage_dealt":1359,"minecraft:fly_one_cm":54695,"minecraft:open_chest":5,"minecraft:crouch_one_cm":1096,"minecraft:play_time":84029,"tombstone:undead_killed":2,"minecraft:sneak_time":638,"minecraft:walk_under_water_one_cm":11590,"minecraft:jump":551,"minecraft:walk_on_water_one_cm":18703,"minecraft:total_world_time":84029,"minecraft:fall_one_cm":14156},"minecraft:used":{"minecraft:cooked_mutton":1,"minecraft:stone_sword":37,"minecraft:stone_pickaxe":107,"minecraft:baked_potato":6,"minecraft:wooden_pickaxe":59,"minecraft:rotten_flesh":4,"minecraft:torch":1,"minecraft:dirt":2,"minecraft:carrot":38,"comforts:sleeping_bag_blue":1,"minecraft:bread":15,"minecraft:oak_button":1,"ecologics:coconut_slice":2,"minecraft:furnace":1,"minecraft:oak_sapling":30,"minecraft:pumpkin":2,"minecraft:potato":1},"minecraft:crafted":{"minecraft:oak_planks":20,"minecraft:wooden_pickaxe":1,"minecraft:furnace":1,"minecraft:copper_ingot":13,"minecraft:cooked_mutton":10,"moreusefulcopper:copper_helmet":1,"minecraft:stick":48,"minecraft:iron_ingot":7,"minecraft:stone_sword":2,"minecraft:iron_leggings":1,"minecraft:oak_button":1,"minecraft:torch":64},"minecraft:mined":{"minecraft:oak_sapling":1,"minecraft:grass_block":3,"minecraft:cobblestone":2,"minecraft:oak_planks":10,"minecraft:diorite":3,"minecraft:iron_ore":12,"minecraft:andesite":6,"minecraft:pumpkin":1,"treechop:chopped_log":1,"minecraft:coal_ore":46,"minecraft:gravel":1,"minecraft:dirt":11,"minecraft:stone":84,"minecraft:oak_leaves":3,"minecraft:fern":1},"minecraft:broken":{"minecraft:wooden_pickaxe":1},"minecraft:killed":{"mca:male_zombie_villager":1,"minecraft:sheep":3,"minecraft:zombie":1,"aquaculture:tambaqui":2},"minecraft:dropped":{"iceandfire:raw_silver":4,"minecraft:goat_horn":1,"minecraft:blue_wool":3,"minecraft:cobblestone":1,"minecraft:oak_planks":28,"minecraft:leather":1,"minecraft:apple":4,"minecraft:copper_ingot":6,"minecraft:emerald":2,"minecraft:cobweb":5,"minecraft:oak_button":1,"minecraft:oak_boat":1,"minecraft:iron_pickaxe":1,"moreusefulcopper:copper_leggings":1},"minecraft:picked_up":{"minecraft:wheat":1,"minecraft:andesite":6,"minecraft:brown_wool":1,"minecraft:leather":1,"minecraft:potato":1,"moreusefulcopper:copper_leggings":1,"minecraft:oak_log":5,"iceandfire:armor_copper_metal_helmet":1,"minecraft:gunpowder":1,"mca:book_romance":1,"minecraft:string":1,"minecraft:dirt":17,"minecraft:apple":7,"minecraft:cobweb":5,"minecraft:oak_boat":1,"moreusefulcopper:copper_chestplate":1,"minecraft:light_gray_wool":1,"minecraft:iron_pickaxe":1,"minecraft:iron_sword":1,"minecraft:oak_planks":38,"minecraft:blue_wool":3,"minecraft:raw_iron":13,"aquaculture:tambaqui":4,"minecraft:pumpkin":2,"ecologics:coconut_slice":2,"minecraft:copper_ingot":6,"minecraft:gravel":1,"minecraft:diorite":3,"minecraft:carrot":22,"minecraft:goat_horn":1,"minecraft:rotten_flesh":5,"comforts:sleeping_bag_blue":2,"minecraft:crossbow":1,"minecraft:bread":15,"minecraft:emerald":2,"minecraft:oak_button":1,"minecraft:baked_potato":6,"minecraft:white_wool":1,"minecraft:oak_sapling":30,"moreusefulcopper:copper_boots":1,"minecraft:mutton":6,"minecraft:coal":42,"iceandfire:raw_silver":4,"minecraft:cobblestone":90}},"DataVersion":3465}