{"stats":{"minecraft:custom":{"minecraft:animals_bred":17,"minecraft:interact_with_crafting_table":157,"minecraft:open_barrel":13,"goblintraders:trade_with_goblin":40,"minecraft:bell_ring":1,"minecraft:leave_game":8,"minecraft:time_since_death":152121,"minecraft:sprint_one_cm":1041001,"minecraft:damage_blocked_by_shield":5668,"minecraft:drop":101,"minecraft:talked_to_villager":1,"minecraft:play_time":616020,"minecraft:deaths":14,"minecraft:jump":4981,"minecraft:walk_on_water_one_cm":58991,"minecraft:interact_with_furnace":131,"minecraft:interact_with_cartography_table":1,"minecraft:sleep_in_bed":8,"minecraft:waystone_activated":3,"minecraft:damage_dealt":30357,"minecraft:crouch_one_cm":71466,"tombstone:undead_killed":81,"minecraft:interact_with_smoker":4,"minecraft:interact_with_anvil":3,"minecraft:mob_kills":198,"minecraft:damage_dealt_resisted":134,"minecraft:climb_one_cm":4477,"minecraft:walk_one_cm":1683042,"minecraft:sneak_time":24011,"minecraft:walk_under_water_one_cm":40412,"minecraft:boat_one_cm":44032,"minecraft:interact_with_blast_furnace":12,"minecraft:total_world_time":616020,"tombstone:raider_killed":2,"minecraft:pot_flower":1,"minecraft:interact_with_grindstone":1,"minecraft:time_since_rest":122219,"minecraft:damage_taken":28612,"minecraft:damage_absorbed":40,"minecraft:swim_one_cm":96088,"minecraft:fly_one_cm":960105,"minecraft:open_chest":323,"minecraft:fall_one_cm":120078},"minecraft:used":{"stalwart_dungeons:iron_hammer":141,"minecraft:bone_block":11,"minecraft:decorated_pot":1,"minecraft:chest":7,"minecraft:shield":95,"minecraft:iron_sword":234,"minecraft:rotten_flesh":9,"aquaculture:bluegill":2,"minecraft:carrot":355,"regions_unexplored:mauve_sapling":6,"minecraft:tuff":6,"minecraft:milk_bucket":1,"sophisticatedbackpacks:diamond_backpack":1,"minecraft:netherite_shovel":679,"alexsmobs:spawn_egg_gorilla":2,"minecraft:birch_sapling":1,"regions_unexplored:redwood_boat":3,"minecraft:stone_brick_stairs":1,"minecraft:stone_bricks":10,"quark:blossom_chest":2,"minecraft:redstone_lamp":1,"minecraft:bow":42,"minecraft:hay_block":1,"minecraft:furnace":6,"minecraft:oak_sapling":18,"minecraft:skeleton_skull":1,"minecraft:potato":218,"minecraft:mossy_stone_bricks":10,"minecraft:diorite":3,"minecraft:oak_planks":1,"minecraft:stone_pickaxe":195,"minecraft:gray_carpet":1,"minecraft:wooden_pickaxe":24,"moreusefulcopper:copper_sword":59,"minecraft:blue_bed":1,"aquaculture:tuna":1,"minecraft:golden_apple":1,"graveyard:lower_bone_staff":2,"regions_unexplored:redwood_planks":6,"comforts:sleeping_bag_blue":8,"regions_unexplored:mauve_planks":24,"iceandfire:silver_pickaxe":328,"iceandfire:copper_shovel":6,"minecraft:bread":9,"regions_unexplored:blackwood_sapling":16,"minecraft:melon_slice":28,"quark:blossom_fence":25,"ecologics:coconut_slice":4,"minecraft:andesite":13,"justhammers:diamond_reinforced_impact_hammer":4,"minecraft:bone_meal":312,"delightful:acorn":2,"minecraft:iron_bars":3,"minecraft:enchanting_table":1,"minecraft:stone_sword":272,"minecraft:stone_shovel":12,"minecraft:redstone":1,"minecraft:wooden_shovel":8,"minecraft:torch":87,"minecraft:dirt":133,"ironfurnaces:diamond_furnace":1,"minecraft:stone_brick_slab":2,"minecraft:wooden_axe":11,"minecraft:bookshelf":3,"minecraft:iron_axe":223,"ecologics:walnut":12,"tombstone:gift":2,"minecraft:cooked_beef":125,"sophisticatedbackpacks:gold_backpack":1,"minecraft:water_bucket":12,"minecraft:bundle":1,"minecraft:polished_andesite":4,"minecraft:baked_potato":58,"minecraft:mossy_cobblestone":1,"farmersdelight:onion":3,"minecraft:crafting_table":16,"delightful:mini_melon":1,"minecraft:oak_log":1,"minecraft:wooden_hoe":2,"minecraft:diamond_pickaxe":220,"minecraft:apple":7,"minecraft:suspicious_stew":2,"dungeonnowloading:great_experience_bottle":1,"minecraft:stone_axe":377,"minecraft:chiseled_stone_bricks":1,"minecraft:potion":3,"minecraft:cobblestone":30,"ironfurnaces:emerald_furnace":1,"minecraft:cooked_porkchop":14,"minecraft:bucket":12,"quark:oak_chest":3,"minecraft:smooth_stone":2},"minecraft:crafted":{"minecraft:oak_planks":268,"ecologics:walnut_planks":16,"ironfurnaces:iron_furnace":1,"minecraft:bookshelf":6,"ironfurnaces:diamond_furnace":1,"iceandfire:armor_copper_metal_boots":1,"minecraft:iron_boots":2,"iceandfire:armor_copper_metal_chestplate":1,"galosphere:silver_ingot":23,"minecraft:wooden_shovel":2,"quark:blossom_planks":92,"dungeonnowloading:spawner_frame":7,"minecraft:cooked_porkchop":24,"minecraft:crafting_table":16,"minecraft:iron_helmet":3,"minecraft:wooden_pickaxe":3,"minecraft:baked_potato":64,"minecraft:copper_ingot":72,"minecraft:gold_block":1,"minecraft:birch_planks":16,"minecraft:wooden_hoe":1,"minecraft:book":2,"minecraft:iron_chestplate":3,"minecraft:paper":36,"minecraft:diamond_pickaxe":1,"minecraft:shield":1,"minecraft:stick":76,"quark:oak_chest":3,"minecraft:iron_ingot":91,"minecraft:stone_sword":1,"minecraft:gold_ingot":20,"regions_unexplored:blackwood_planks":28,"minecraft:stone_shovel":1,"ironfurnaces:gold_furnace":1,"ecologics:coconut_planks":36,"minecraft:furnace":7,"minecraft:bone_meal":807,"quark:blossom_chest":2,"iceandfire:armor_copper_metal_helmet":1,"iceandfire:copper_shovel":1,"moreusefulcopper:copper_leggings":1,"ironfurnaces:emerald_furnace":1,"regions_unexplored:mauve_planks":44,"quark:blossom_fence":42,"minecraft:iron_axe":1,"minecraft:stone_pickaxe":3,"comforts:sleeping_bag_blue":2,"minecraft:wheat":18,"iceandfire:silver_ingot":11,"minecraft:enchanting_table":1,"minecraft:iron_sword":2,"minecraft:bucket":1,"minecraft:stone_axe":4,"minecraft:bread":6,"minecraft:air":0,"regions_unexplored:redwood_planks":406,"iceandfire:armor_silver_metal_helmet":1,"iceandfire:bestiary":1,"dungeonnowloading:spawner_blade":2,"minecraft:iron_leggings":2,"regions_unexplored:redwood_boat":3,"iceandfire:silver_pickaxe":1},"minecraft:mined":{"dungeonnowloading:iron_ingot_pile":7,"dungeonnowloading:spikes":1,"minecraft:oak_sapling":2,"iceandfire:copper_pile":33,"minecraft:obsidian":14,"minecraft:granite":2,"minecraft:grass_block":261,"minecraft:blue_wool":6,"minecraft:chiseled_stone_bricks":2,"minecraft:spawner":5,"minecraft:smooth_stone":8,"diagonalfences:quark/blossom_fence":7,"minecraft:fire":1,"minecraft:iron_ore":50,"minecraft:dirt_path":2,"minecraft:iron_bars":2,"biomesoplenty:webbing":1,"minecraft:azalea_leaves":1,"regions_unexplored:enchanted_birch_leaf_pile":1,"dungeonnowloading:cobblestone_pebbles":3,"minecraft:torch":1,"minecraft:melon":12,"minecraft:chest":7,"galosphere:silver_ore":22,"minecraft:cobblestone":43,"minecraft:sugar_cane":19,"minecraft:wall_torch":3,"minecraft:deepslate_copper_ore":1,"minecraft:chain":1,"dungeonnowloading:gold_ingot_pile":5,"sophisticatedbackpacks:diamond_backpack":1,"minecraft:birch_log":4,"minecraft:stone_brick_stairs":1,"minecraft:grass":414,"minecraft:oak_log":7,"delightful:mini_melon":2,"minecraft:sand":422,"minecraft:dirt":60,"minecraft:deepslate":15,"minecraft:oak_leaves":17,"minecraft:redstone_lamp":1,"minecraft:tuff":9,"iceandfire:silver_ore":6,"minecraft:mossy_cobblestone":20,"minecraft:candle":2,"biomesoplenty:desert_grass":1,"minecraft:allium":3,"minecraft:spruce_fence":1,"minecraft:decorated_pot":2,"dungeonnowloading:book_pile":1,"minecraft:redstone_wire":1,"minecraft:large_fern":3,"minecraft:hay_block":2,"farmersdelight:wild_onions":2,"minecraft:carrots":27,"minecraft:andesite":22,"treechop:chopped_log":49,"minecraft:deepslate_iron_ore":17,"minecraft:potatoes":6,"biomesoplenty:high_grass":10,"minecraft:vine":18,"biomesoplenty:spider_egg":1,"minecraft:stone":181,"regions_unexplored:redwood_log":1,"minecraft:bone_block":158,"regions_unexplored:redwood_shrub":1,"dungeonnowloading:mossy_cobblestone_pebbles":1,"graveyard:laterally_lying_skeleton":1,"minecraft:stone_brick_slab":2,"galosphere:deepslate_silver_ore":6,"minecraft:dandelion":1,"minecraft:crafting_table":1,"ecologics:walnut_leaves":1,"minecraft:copper_ore":14,"regions_unexplored:blackwood_log":3,"biomesoplenty:high_grass_plant":17,"minecraft:tall_grass":45,"minecraft:diorite":15,"supplementaries:urn":10,"ironfurnaces:diamond_furnace":1,"minecraft:birch_leaves":2,"minecraft:coal_ore":8,"minecraft:sunflower":63,"graveyard:leaning_skeleton":1,"minecraft:gray_carpet":1,"minecraft:cobweb":3,"minecraft:cracked_stone_bricks":3,"minecraft:stone_bricks":14,"minecraft:polished_andesite":4,"minecraft:mossy_stone_bricks":17,"minecraft:gold_ore":18,"minecraft:fern":35,"regions_unexplored:tassel":1},"minecraft:killed_by":{"minecraft:player":1},"minecraft:broken":{"minecraft:iron_boots":1,"minecraft:iron_chestplate":1,"minecraft:stone_pickaxe":1,"minecraft:stone_axe":2,"minecraft:wooden_axe":1,"moreusefulcopper:copper_leggings":1,"iceandfire:armor_copper_metal_helmet":1,"minecraft:stone_sword":2,"minecraft:shield":2,"minecraft:iron_helmet":2},"minecraft:killed":{"alexsmobs:lobster":1,"minecraft:cave_spider":1,"minecraft:spider":13,"minecraft:skeleton":27,"minecraft:chicken":1,"mowziesmobs:umvuthana_crane":13,"minecraft:pig":25,"mowziesmobs:umvuthana_follower_player":1,"minecraft:creeper":2,"minecraft:sheep":3,"minecraft:pillager":2,"tinyskeletons:baby_skeleton":1,"minecraft:zombie":52,"alexsmobs:komodo_dragon":1,"iceandfire:sea_serpent":1,"minecraft:cow":5,"dungeonnowloading:spawner_carrier":1,"aquaculture:bluegill":3,"minecraft:horse":1,"alexsmobs:bison":3,"minecraft:drowned":1,"dungeonnowloading:chaos_spawner":2,"mowziesmobs:umvuthana":26,"iceandfire:cyclops":1,"aquaculture:tuna":1,"alexsmobs:rhinoceros":1,"minecraft:enderman":1},"minecraft:dropped":{"sophisticatedbackpacks:iron_backpack":1,"minecraft:cooked_beef":287,"minecraft:baked_potato":16,"minecraft:glass_bottle":5,"minecraft:ender_pearl":1,"minecraft:diamond":16,"minecraft:dark_oak_sapling":2,"minecraft:cooked_porkchop":10,"biomesoplenty:black_sand":1,"justhammers:diamond_reinforced_impact_hammer":1,"dungeonnowloading:great_experience_bottle":5,"minecraft:cracked_stone_bricks":2,"sophisticatedbackpacks:gold_backpack":2,"comforts:sleeping_bag_blue":2,"minecraft:sand":2,"minecraft:gold_ingot":10,"minecraft:stone_axe":1,"minecraft:rotten_flesh":2,"regions_unexplored:redwood_planks":26,"minecraft:carrot":111,"supplementaries:flax_seeds":1,"minecraft:glass":51,"minecraft:iron_ingot":79,"minecraft:netherite_pickaxe":1,"minecraft:wheat_seeds":11,"minecraft:mossy_cobblestone":5,"minecraft:bookshelf":3,"minecraft:cobblestone":3,"minecraft:book":2,"minecraft:copper_ingot":14,"minecraft:melon_slice":79,"regions_unexplored:redwood_log":38,"minecraft:iron_leggings":1,"aquaculture:tambaqui":2,"minecraft:tuff":1,"minecraft:iron_boots":1,"supplementaries:clock_block":1,"minecraft:totem_of_undying":1,"minecraft:filled_map":2,"minecraft:mossy_stone_bricks":3,"minecraft:spider_eye":7,"sophisticatedbackpacks:copper_backpack":1,"minecraft:brick":4},"minecraft:picked_up":{"minecraft:wheat":1,"illagerinvasion:platinum_chunk":5,"minecraft:suspicious_stew":2,"autumnity:maple_log":6,"minecraft:enchanted_book":4,"minecraft:potion":3,"moreusefulcopper:copper_leggings":1,"minecraft:stone_brick_stairs":1,"minecraft:amethyst_block":4,"minecraft:string":29,"minecraft:raw_copper":112,"minecraft:smooth_stone":8,"minecraft:cobbled_deepslate":13,"delightful:acorn":25,"dungeonnowloading:mossy_cobblestone_pebble":12,"minecraft:melon_slice":163,"delightful:green_tea_leaf":40,"farmersdelight:cabbage_seeds":3,"regions_unexplored:blackwood_log":133,"regions_unexplored:redwood_log":698,"minecraft:blue_wool":6,"regions_unexplored:blackwood_planks":10,"minecraft:stick":170,"ecologics:walnut_log":12,"minecraft:torch":127,"ecologics:coconut_seedling":3,"quark:blossom_log":23,"minecraft:porkchop":43,"iceandfire:crackled_gravel":1,"tombstone:grave_dust":18,"minecraft:diorite":31,"minecraft:stone_sword":6,"minecraft:rotten_flesh":89,"regions_unexplored:mauve_log":11,"farmersdelight:onion":4,"biomesoplenty:mahogany_sapling":1,"ecologics:coconut_log":9,"alexsdelight:raw_bison":14,"supplementaries:ash":13,"minecraft:obsidian":14,"minecraft:iron_bars":3,"alexsmobs:flying_fish":1,"minecraft:cobblestone":4653,"minecraft:birch_log":22,"ecologics:walnut":18,"minecraft:feather":16,"minecraft:cooked_beef":151,"minecraft:andesite":23,"aquaculture:tuna":1,"minecraft:jungle_log":19,"minecraft:potato":212,"alexsmobs:bison_fur":5,"paraglider:spirit_orb":8,"minecraft:flint":7,"minecraft:tuff":8,"supplementaries:flax_seeds":3,"quark:blossom_fence":5,"minecraft:lapis_lazuli":43,"minecraft:dirt":463,"iceandfire:armor_black_leggings":1,"minecraft:bone":63,"minecraft:glass":53,"minecraft:bow":2,"delightful:mini_melon":1,"minecraft:wheat_seeds":86,"minecraft:raw_gold":20,"minecraft:mossy_stone_bricks":16,"galosphere:raw_silver":32,"minecraft:oak_planks":1,"iceandfire:armor_black_boots":1,"dungeonnowloading:spawner_frame":2,"alexsmobs:crocodile_egg":1,"minecraft:poisonous_potato":1,"minecraft:sand":360,"ecologics:coconut_husk":6,"sophisticatedbackpacks:iron_backpack":1,"iceandfire:lightning_dragon_heart":1,"minecraft:dark_oak_log":64,"alexsmobs:animal_dictionary":1,"minecraft:mossy_cobblestone":7,"galosphere:silver_nugget":8,"minecraft:bundle":2,"regions_unexplored:mauve_planks":24,"minecraft:polished_andesite":4,"regions_unexplored:hyssop":1,"minecraft:clay":85,"comforts:sleeping_bag_blue":11,"minecraft:diamond":19,"minecraft:writable_book":1,"autumnity:maple_sapling":5,"graveyard:lower_bone_staff":2,"minecraft:crossbow":1,"regions_unexplored:redwood_shrub":1,"minecraft:granite":13,"minecraft:bone_meal":64,"minecraft:golden_apple":2,"minecraft:bread":4,"minecraft:emerald":54,"alexsmobs:maggot":6,"minecraft:oak_sapling":99,"iceandfire:raw_silver":7,"sophisticatedbackpacks:gold_backpack":3,"minecraft:cocoa_beans":4,"minecraft:crafting_table":1,"minecraft:allium":11,"minecraft:chicken":1,"minecraft:clay_ball":4,"minecraft:redstone_lamp":1,"minecraft:wooden_pickaxe":1,"dungeonnowloading:cobblestone_pebble":28,"minecraft:chain":2,"minecraft:brick":4,"minecraft:shield":1,"artifacts:power_glove":1,"minecraft:item_frame":1,"dungeonnowloading:spawner_fragment":30,"alexsmobs:komodo_spit":1,"ecologics:walnut_sapling":13,"minecraft:cracked_stone_bricks":2,"biomesoplenty:black_sand":1,"minecraft:candle":5,"aquaculture:bluegill":2,"minecraft:beef":4,"minecraft:jungle_sapling":3,"ironfurnaces:diamond_furnace":1,"quark:yellow_blossom_sapling":2,"regions_unexplored:redwood_planks":26,"minecraft:sugar_cane":39,"minecraft:chest":7,"minecraft:birch_sapling":6,"crittersandcompanions:clam":1,"minecraft:dark_oak_sapling":9,"minecraft:sandstone":145,"minecraft:raw_iron":83,"ecologics:coconut_slice":4,"minecraft:copper_ingot":2,"minecraft:spruce_fence":1,"minecraft:carrot":227,"minecraft:redstone":1,"minecraft:netherite_pickaxe":1,"alexsmobs:leafcutter_ant_pupa":1,"mowziesmobs:umvuthana_mask_faith":3,"minecraft:arrow":57,"iceandfire:cyclops_eye":1,"regions_unexplored:mauve_sapling":6,"minecraft:decorated_pot":1,"minecraft:hay_block":3,"iceandfire:armor_black_helmet":1,"minecraft:gold_ingot":9,"mowziesmobs:umvuthana_mask_bliss":2,"sophisticatedbackpacks:copper_backpack":1,"tombstone:essence_of_undeath":1,"minecraft:totem_of_undying":7,"minecraft:mutton":4,"minecraft:bone_block":154,"minecraft:white_wool":4,"iceandfire:armor_black_chestplate":1,"iceandfire:sea_serpent_fang":3,"minecraft:leather":12,"minecraft:filled_map":3,"minecraft:oak_log":179,"iceandfire:armor_copper_metal_helmet":2,"minecraft:golden_boots":1,"minecraft:gunpowder":2,"regions_unexplored:tassel":1,"minecraft:blue_bed":1,"minecraft:paper":33,"quark:forgotten_hat":1,"minecraft:apple":7,"minecraft:gray_carpet":1,"minecraft:stone_bricks":12,"iceandfire:cannoli":1,"minecraft:iron_ingot":105,"regions_unexplored:redwood_sapling":119,"minecraft:stone_pickaxe":1,"minecraft:cobweb":20,"tombstone:bag_of_seeds":3,"minecraft:glass_bottle":3,"minecraft:iron_sword":2,"mowziesmobs:umvuthana_mask_misery":1,"sophisticatedbackpacks:diamond_backpack":2,"minecraft:book":16,"iceandfire:copper_nugget":447,"iceandfire:sea_serpent_scales_green":4,"minecraft:chiseled_stone_bricks":1,"minecraft:stone_brick_slab":2,"betterarcheology:bomb":1,"minecraft:dripstone_block":1,"minecraft:gravel":1,"justhammers:diamond_reinforced_impact_hammer":1,"minecraft:amethyst_shard":4,"dungeonnowloading:great_experience_bottle":6,"minecraft:spider_eye":9,"supplementaries:clock_block":1,"biomesoplenty:mahogany_log":2,"minecraft:slime_ball":4,"minecraft:stone_axe":1,"regions_unexplored:blackwood_sapling":40,"mowziesmobs:umvuthana_mask_fear":2,"tombstone:magic_scroll":4,"minecraft:baked_potato":16,"minecraft:coal":18,"minecraft:wooden_axe":2,"minecraft:sunflower":111}},"DataVersion":3465}