{"stats":{"minecraft:custom":{"minecraft:interact_with_crafting_table":93,"minecraft:open_barrel":73,"goblintraders:trade_with_goblin":5,"minecraft:leave_game":5,"minecraft:time_since_death":152239,"minecraft:play_time":575201,"minecraft:deaths":23,"tombstone:tomb_raiding":1,"minecraft:jump":19474,"minecraft:interact_with_furnace":71,"minecraft:play_record":3,"minecraft:traded_with_villager":1,"minecraft:sleep_in_bed":7,"minecraft:waystone_activated":5,"minecraft:damage_dealt":81380,"tombstone:undead_killed":73,"minecraft:interact_with_smoker":22,"minecraft:inspect_dispenser":3,"minecraft:horse_one_cm":22,"minecraft:interact_with_smithing_table":8,"minecraft:interact_with_anvil":17,"minecraft:damage_dealt_absorbed":218,"minecraft:target_hit":4,"minecraft:sneak_time":60528,"minecraft:interact_with_blast_furnace":8,"minecraft:total_world_time":575201,"tombstone:raider_killed":162,"minecraft:time_since_rest":122132,"tombstone:cast_on_ally":2,"minecraft:swim_one_cm":113797,"minecraft:fly_one_cm":3346681,"minecraft:open_chest":504,"minecraft:fall_one_cm":389478,"minecraft:animals_bred":13,"minecraft:damage_resisted":68,"minecraft:sprint_one_cm":1655403,"minecraft:drop":566,"minecraft:play_noteblock":3,"minecraft:talked_to_villager":8,"minecraft:interact_with_brewingstand":1,"minecraft:walk_on_water_one_cm":51904,"minecraft:player_kills":2,"minecraft:crouch_one_cm":137496,"tombstone:villager_killed":5,"minecraft:mob_kills":317,"minecraft:damage_dealt_resisted":564,"minecraft:climb_one_cm":14471,"minecraft:walk_one_cm":972324,"minecraft:walk_under_water_one_cm":35491,"minecraft:boat_one_cm":1562,"minecraft:interact_with_grindstone":2,"minecraft:damage_absorbed":313,"minecraft:damage_taken":32265},"minecraft:used":{"minecraft:writable_book":1,"minecraft:spruce_slab":1,"minecraft:ladder":6,"minecraft:poppy":2,"ecologics:coconut_planks":2,"minecraft:rotten_flesh":8,"regions_unexplored:blackwood_boat":1,"minecraft:music_disc_ward":1,"minecraft:stone_brick_stairs":2,"minecraft:bow":104,"minecraft:furnace":5,"minecraft:mossy_stone_bricks":3,"minecraft:diorite":1,"minecraft:damaged_anvil":1,"minecraft:wooden_pickaxe":6,"minecraft:jungle_pressure_plate":2,"minecraft:golden_apple":4,"minecraft:glow_berries":4,"minecraft:sand":1,"graveyard:lower_bone_staff":22,"minecraft:blast_furnace":1,"comforts:sleeping_bag_blue":5,"mutantmonsters:mutant_skeleton_skull":3,"iceandfire:silver_pickaxe":167,"minecraft:lectern":1,"minecraft:oak_pressure_plate":2,"dungeonnowloading:scepter_of_sealed_chaos":20,"regions_unexplored:blackwood_planks":31,"biomesoplenty:glowing_moss_carpet":2,"minecraft:smithing_table":1,"minecraft:oak_boat":5,"delightful:acorn":11,"minecraft:iron_bars":3,"minecraft:stone_sword":54,"minecraft:armor_stand":4,"minecraft:cooked_salmon":5,"quark:spruce_bookshelf":1,"minecraft:torch":375,"minecraft:brewing_stand":1,"minecraft:anvil":10,"quark:yellow_blossom_sapling":2,"ecologics:seashell":1,"minecraft:shroomlight":4,"minecraft:iron_axe":24,"minecraft:totem_of_undying":4,"minecraft:beef":1,"tombstone:gift":17,"minecraft:cobbled_deepslate":66,"alexsdelight:cooked_bison":4,"minecraft:water_bucket":23,"minecraft:birch_planks":38,"minecraft:cauldron":1,"minecraft:fletching_table":3,"dungeonnowloading:dungeon_wall_torch":1,"minecraft:mossy_cobblestone":16,"minecraft:crafting_table":20,"dungeonnowloading:skull_of_chaos":2,"minecraft:white_bed":2,"mowziesmobs:wrought_axe":762,"minecraft:stripped_jungle_log":20,"minecraft:sunflower":1,"minecraft:suspicious_stew":1,"minecraft:iron_pickaxe":527,"tombstone:magic_scroll":1,"minecraft:green_carpet":2,"minecraft:chiseled_stone_bricks":1,"quark:dark_oak_chest":4,"minecraft:cobblestone":112,"minecraft:cooked_porkchop":35,"quark:oak_chest":9,"tombstone:scroll_of_unstable_intangibility":1,"supplementaries:hourglass":2,"minecraft:iron_shovel":172,"minecraft:decorated_pot":9,"minecraft:iron_sword":140,"minecraft:creeper_head":3,"minecraft:iron_chestplate":1,"minecraft:mutton":3,"minecraft:jungle_planks":26,"minecraft:carrot":182,"minecraft:tuff":4,"minecraft:music_disc_13":2,"minecraft:milk_bucket":1,"minecraft:big_dripleaf":1,"minecraft:mossy_cobblestone_slab":2,"minecraft:crimson_roots":1,"regions_unexplored:aster":2,"minecraft:stone_bricks":14,"minecraft:hay_block":1,"minecraft:skeleton_skull":2,"betterarcheology:villager_fossil_head":1,"regions_unexplored:redwood_sapling":1,"minecraft:diamond_boots":1,"minecraft:stone_pickaxe":411,"minecraft:jungle_fence":4,"minecraft:oak_planks":132,"minecraft:blue_bed":1,"minecraft:dripstone_block":1,"minecraft:note_block":2,"waystones:waystone":2,"quark:hollow_oak_log":1,"minecraft:melon_slice":86,"minecraft:bread":32,"regions_unexplored:blackwood_sapling":10,"autumnity:turkey":1,"minecraft:gravel":3,"ecologics:coconut_slice":10,"minecraft:grindstone":1,"minecraft:andesite":6,"minecraft:bone_meal":52,"minecraft:experience_bottle":2,"biomesoplenty:mahogany_planks":43,"minecraft:redstone":1,"biomesoplenty:glowing_moss_block":3,"minecraft:oak_door":2,"minecraft:dirt":106,"mowziesmobs:wrought_helmet":2,"biomesoplenty:black_sandstone":2,"minecraft:birch_door":3,"minecraft:dark_oak_planks":7,"minecraft:wooden_axe":103,"alexsmobs:maggot":2,"alexsmobs:gongylidia":1,"minecraft:iron_boots":1,"minecraft:stone_pressure_plate":2,"minecraft:cooked_beef":161,"minecraft:pumpkin":3,"minecraft:iron_leggings":3,"minecraft:baked_potato":37,"farmersdelight:onion":8,"betterarcheology:villager_fossil_body":2,"minecraft:smoker":1,"minecraft:flower_pot":1,"minecraft:apple":15,"aquaculture:carp":1,"minecraft:map":1,"dungeonnowloading:great_experience_bottle":4,"iceandfire:ash":1,"biomesoplenty:toadstool":1,"minecraft:stone_axe":61,"minecraft:white_banner":27,"minecraft:bucket":24,"alexsmobs:animal_dictionary":1,"minecraft:smooth_stone":3},"minecraft:crafted":{"minecraft:oak_pressure_plate":1,"minecraft:chain":1,"minecraft:glass":6,"iceandfire:armor_silver_metal_chestplate":1,"iceandfire:armor_black_helmet":1,"galosphere:silver_ingot":15,"minecraft:birch_door":3,"dungeonnowloading:scepter_of_sealed_chaos":1,"quark:pathfinders_quill":1,"minecraft:emerald":50,"minecraft:jungle_pressure_plate":2,"minecraft:copper_ingot":4,"minecraft:fletching_table":1,"quark:oak_chest":8,"minecraft:iron_pickaxe":2,"minecraft:iron_block":7,"minecraft:gold_ingot":54,"regions_unexplored:blackwood_planks":64,"minecraft:iron_nugget":9,"ecologics:coconut_planks":12,"minecraft:bone_meal":48,"minecraft:ladder":8,"minecraft:stone_pickaxe":5,"iceandfire:armor_black_chestplate":1,"minecraft:dark_oak_planks":48,"minecraft:wheat":108,"dungeonnowloading:skull_of_chaos":1,"iceandfire:armor_black_boots":1,"regions_unexplored:blackwood_boat":1,"minecraft:wooden_axe":4,"minecraft:iron_leggings":1,"iceandfire:silver_pickaxe":1,"minecraft:oak_planks":236,"minecraft:melon_slice":60,"minecraft:stone":61,"minecraft:iron_boots":1,"dungeonnowloading:spawner_frame":3,"minecraft:crafting_table":18,"minecraft:spruce_planks":8,"minecraft:baked_potato":25,"minecraft:wooden_pickaxe":2,"minecraft:birch_planks":52,"minecraft:stick":108,"minecraft:iron_ingot":56,"minecraft:stone_sword":7,"minecraft:oak_door":3,"biomesoplenty:mahogany_planks":148,"minecraft:furnace":4,"quark:dark_oak_chest":4,"illagerinvasion:platinum_sheet":11,"iceandfire:armor_black_leggings":1,"minecraft:iron_sword":1,"minecraft:bucket":1,"minecraft:stone_axe":1,"minecraft:bread":30,"minecraft:air":0,"minecraft:jungle_planks":40,"minecraft:oak_boat":5,"quark:spruce_bookshelf":1,"minecraft:anvil":1,"minecraft:torch":196,"minecraft:clay":85},"minecraft:mined":{"minecraft:white_bed":2,"iceandfire:copper_pile":1,"alexsmobs:leafcutter_anthill":1,"minecraft:granite":19,"minecraft:jungle_log":1,"minecraft:oak_pressure_plate":4,"biomesoplenty:wilted_lily":1,"minecraft:oxeye_daisy":2,"minecraft:spawner":5,"minecraft:fire":1,"minecraft:cobbled_deepslate":1,"minecraft:pumpkin":3,"minecraft:deepslate_lapis_ore":8,"minecraft:fletching_table":2,"minecraft:water_cauldron":1,"minecraft:small_amethyst_bud":2,"minecraft:spruce_pressure_plate":1,"minecraft:green_carpet":2,"betterarcheology:loot_vase":7,"minecraft:white_banner":1,"minecraft:tripwire":4,"biomesoplenty:glowworm_silk":1,"minecraft:smoker":2,"minecraft:amethyst_cluster":1,"biomesoplenty:black_sandstone":2,"minecraft:torch":8,"minecraft:note_block":2,"minecraft:blast_furnace":1,"minecraft:melon":31,"galosphere:silver_ore":4,"minecraft:damaged_anvil":1,"minecraft:amethyst_block":11,"minecraft:skeleton_skull":1,"minecraft:chain":1,"regions_unexplored:hyssop":1,"ecologics:seashell":1,"minecraft:mud":1,"mutantmonsters:mutant_skeleton_skull":1,"minecraft:stone_brick_stairs":2,"betterarcheology:rotten_planks":1,"minecraft:grass":316,"dungeonnowloading:explosive_barrel":22,"delightful:mini_melon":20,"minecraft:smooth_basalt":5,"minecraft:deepslate":109,"regions_unexplored:fireweed":1,"minecraft:suspicious_gravel":1,"graveyard:torso_pile":1,"iceandfire:silver_ore":1,"minecraft:mossy_cobblestone":2,"farmersdelight:wild_carrots":14,"biomesoplenty:desert_grass":2,"minecraft:dark_oak_log":5,"minecraft:jungle_planks":1,"minecraft:stripped_jungle_wood":7,"minecraft:crimson_roots":1,"minecraft:redstone_wire":5,"alexsmobs:leafcutter_ant_chamber":23,"minecraft:packed_mud":1,"minecraft:andesite":26,"biomesoplenty:high_grass":130,"minecraft:vine":22,"minecraft:smithing_table":1,"minecraft:comparator":1,"dungeonnowloading:mossy_cobblestone_pebbles":1,"quark:oak_chest":1,"biomesoplenty:black_sand":3,"minecraft:observer":1,"galosphere:deepslate_silver_ore":8,"minecraft:campfire":1,"biomesoplenty:high_grass_plant":198,"minecraft:copper_ore":5,"minecraft:tall_grass":39,"minecraft:deepslate_gold_ore":4,"minecraft:diorite":36,"minecraft:big_dripleaf":2,"minecraft:coarse_dirt":2,"betterarcheology:loot_vase_creeper":5,"minecraft:creeper_head":2,"minecraft:birch_leaves":2,"minecraft:jungle_fence":6,"regions_unexplored:sandy_grass":3,"minecraft:gravel":6,"minecraft:dripstone_block":2,"biomesoplenty:stringy_cobweb":1,"minecraft:oak_button":1,"minecraft:stone_bricks":32,"minecraft:gold_ore":11,"graveyard:bone_remains":1,"minecraft:fern":32,"minecraft:stone_pressure_plate":3,"minecraft:jungle_slab":1,"minecraft:brewing_stand":1,"minecraft:cave_vines_plant":1,"minecraft:budding_amethyst":4,"minecraft:grass_block":162,"graveyard:skull_on_pike":1,"betterarcheology:villager_fossil_body":2,"minecraft:mud_bricks":1,"comforts:sleeping_bag_blue":1,"graveyard:lower_bone_staff":24,"minecraft:smooth_stone":4,"minecraft:mossy_cobblestone_slab":2,"minecraft:iron_ore":36,"mutantmonsters:mutant_skeleton_wall_skull":1,"minecraft:iron_bars":11,"minecraft:azalea_leaves":3,"biomesoplenty:glowing_moss_carpet":1,"minecraft:medium_amethyst_bud":1,"minecraft:clay":87,"dungeonnowloading:dungeon_wall_torch":1,"minecraft:calcite":6,"minecraft:chest":2,"minecraft:cobblestone":27,"graveyard:lying_skeleton":1,"minecraft:grindstone":1,"minecraft:oak_planks":5,"minecraft:iron_door":1,"minecraft:wall_torch":13,"minecraft:seagrass":2,"supplementaries:hourglass":1,"regions_unexplored:mauve_leaves":1,"minecraft:smooth_stone_slab":1,"minecraft:dirt":49,"quark:hollow_oak_log":1,"minecraft:tripwire_hook":4,"minecraft:dispenser":2,"minecraft:oak_leaves":5,"betterarcheology:villager_fossil_head":1,"minecraft:emerald_block":5,"minecraft:redstone_lamp":1,"biomesoplenty:glowing_moss_block":3,"minecraft:tuff":2,"ecologics:coconut_planks":1,"minecraft:oak_door":1,"minecraft:chiseled_bookshelf":2,"minecraft:decorated_pot":13,"regions_unexplored:aster":2,"ecologics:coconut_log":2,"minecraft:large_fern":1,"minecraft:hay_block":14,"minecraft:furnace":1,"biomesoplenty:toadstool":1,"treechop:chopped_log":1,"minecraft:gold_block":6,"minecraft:bookshelf":4,"minecraft:shroomlight":4,"minecraft:deepslate_iron_ore":2,"biomesoplenty:mahogany_leaves":1,"crittersandcompanions:silk_cocoon":1,"minecraft:stripped_jungle_log":22,"biomesoplenty:spider_egg":1,"minecraft:stone":448,"regions_unexplored:redwood_shrub":2,"minecraft:acacia_leaves":1,"minecraft:crafting_table":2,"minecraft:lectern":1,"minecraft:blue_bed":2,"supplementaries:urn":2,"minecraft:birch_planks":1,"minecraft:white_wall_banner":5,"minecraft:coal_ore":52,"minecraft:flower_pot":1,"minecraft:mossy_stone_bricks":11},"minecraft:broken":{"minecraft:iron_leggings":2,"iceandfire:armor_silver_metal_chestplate":1,"minecraft:iron_pickaxe":1,"minecraft:iron_shovel":1,"minecraft:stone_pickaxe":2,"minecraft:diamond_boots":1,"minecraft:golden_chestplate":1},"minecraft:killed":{"minecraft:skeleton":20,"alexsmobs:leafcutter_ant":10,"ecologics:coconut_crab":1,"minecraft:iron_golem":3,"mutantmonsters:mutant_skeleton":1,"minecraft:pillager":140,"minecraft:goat":1,"alexsmobs:flutter":1,"minecraft:zombie":50,"mca:male_villager":3,"iceandfire:lightning_dragon":2,"minecraft:cow":1,"minecraft:evoker":8,"dungeonnowloading:sealed_chaos":1,"minecraft:vindicator":8,"quark:toretoise":1,"alexsmobs:gorilla":2,"mowziesmobs:ferrous_wroughtnaut":1,"graveyard:ghoul":1,"alexsmobs:crocodile":3,"mca:female_villager":2,"minecraft:enderman":1,"minecraft:witch":6,"mowziesmobs:umvuthi":1,"minecraft:spider":27,"quark:forgotten":1,"creeperoverhaul:bamboo_creeper":1,"minecraft:creeper":6,"minecraft:sheep":2,"aquaculture:minnow":1,"alexsmobs:bison":1,"mowziesmobs:umvuthana":1,"autumnity:turkey":1,"creeperoverhaul:spruce_creeper":1},"minecraft:dropped":{"moreusefulcopper:copper_helmet":1,"minecraft:clay":106,"minecraft:iron_sword":1,"iceandfire:raw_silver":5,"minecraft:porkchop":6,"alexsdelight:raw_bison":3,"minecraft:lapis_lazuli":86,"minecraft:oak_pressure_plate":3,"minecraft:cooked_beef":183,"minecraft:glass_bottle":5,"minecraft:diamond":18,"biomesoplenty:black_sand":3,"minecraft:crossbow":6,"minecraft:glow_berries":1,"minecraft:brewer_pottery_sherd":2,"minecraft:cracked_stone_bricks":2,"minecraft:fletching_table":1,"dungeonnowloading:great_experience_bottle":6,"minecraft:saddle":3,"minecraft:sheaf_pottery_sherd":2,"minecraft:emerald":62,"sophisticatedbackpacks:gold_backpack":1,"minecraft:gold_block":6,"minecraft:dirt":55,"iceandfire:armor_copper_metal_boots":1,"minecraft:chain":1,"minecraft:writable_book":1,"minecraft:gold_nugget":6,"minecraft:bone_block":22,"minecraft:bone_meal":164,"minecraft:sunflower":42,"minecraft:sand":27,"minecraft:iron_pickaxe":1,"minecraft:white_wool":6,"minecraft:blue_bed":1,"minecraft:bone":56,"minecraft:oak_door":2,"minecraft:goat_horn":2,"minecraft:emerald_block":5,"artifacts:power_glove":1,"minecraft:iron_nugget":7,"minecraft:golden_chestplate":2,"alexsmobs:animal_dictionary":3,"minecraft:cobbled_deepslate":43,"alexsmobs:crocodile_egg":2,"minecraft:wheat":53,"minecraft:blue_wool":3,"minecraft:rotten_flesh":70,"minecraft:grindstone":1,"minecraft:oak_planks":47,"alexsmobs:leafcutter_ant_pupa":3,"supplementaries:flax_seeds":8,"minecraft:leather_boots":1,"minecraft:ladder":4,"farmersdelight:onion_crate":2,"minecraft:spruce_slab":1,"minecraft:glass":6,"biomesoplenty:mahogany_sapling":6,"minecraft:enchanted_book":11,"minecraft:iron_ingot":7,"minecraft:golden_boots":1,"regions_unexplored:blackwood_log":16,"minecraft:wheat_seeds":44,"goated:chevon":1,"minecraft:golden_horse_armor":2,"minecraft:dripstone_block":1,"minecraft:feather":2,"minecraft:cobblestone":3632,"minecraft:book":14,"galosphere:silver_upgrade_smithing_template":5,"minecraft:apple":8,"minecraft:granite":18,"minecraft:stripped_jungle_log":2,"minecraft:coal":12,"minecraft:golden_apple":2,"moreusefulcopper:copper_chestplate":1,"minecraft:oxeye_daisy":1,"minecraft:cobweb":9,"minecraft:jungle_slab":1,"galosphere:raw_silver":12,"iceandfire:copper_nugget":82,"minecraft:wooden_axe":3,"minecraft:cooked_salmon":5,"minecraft:potion":4,"minecraft:mud":1,"minecraft:smooth_stone":4,"minecraft:string":42,"iceandfire:armor_black_boots":1,"minecraft:stone_sword":6,"minecraft:smooth_stone_slab":1,"minecraft:bowl":1,"minecraft:clay_ball":4,"minecraft:iron_boots":5,"minecraft:name_tag":1,"minecraft:damaged_anvil":1,"iceandfire:armor_black_leggings":1,"iceandfire:armor_copper_metal_helmet":2,"regions_unexplored:mauve_log":2,"galosphere:silver_nugget":7,"minecraft:pumpkin_seeds":13,"minecraft:suspicious_stew":9,"minecraft:blast_furnace":1,"minecraft:big_dripleaf":2,"minecraft:potato":7,"minecraft:flower_pot":1,"sophisticatedbackpacks:magnet_upgrade":2,"minecraft:stone_bricks":14,"minecraft:stone_pressure_plate":3,"minecraft:spider_eye":7,"minecraft:sandstone":102,"sophisticatedbackpacks:copper_backpack":2,"minecraft:bow":2,"dungeonnowloading:spawner_frame":1,"minecraft:brown_mushroom":1,"minecraft:dark_oak_sapling":2,"minecraft:decorated_pot":1,"minecraft:jungle_fence":2,"dungeonnowloading:cobblestone_pebble":18,"minecraft:leather":48,"minecraft:iron_horse_armor":1,"regions_unexplored:redwood_sapling":1,"minecraft:redstone_lamp":1,"minecraft:dark_oak_log":17,"farmersdelight:onion":4,"minecraft:amethyst_shard":4,"minecraft:gold_ingot":8,"minecraft:armor_stand":2,"minecraft:gravel":1,"minecraft:prize_pottery_sherd":1,"minecraft:music_disc_otherside":1,"minecraft:cooked_mutton":5,"minecraft:carrot":122,"biomesoplenty:glowing_moss_block":3,"minecraft:chainmail_chestplate":1,"supplementaries:ash":27,"minecraft:gunpowder":52,"minecraft:beetroot_seeds":3,"minecraft:melon_seeds":4,"ecologics:coconut_husk":14,"minecraft:chest":2,"minecraft:iron_bars":7,"minecraft:arrow":38,"iceandfire:armor_copper_metal_leggings":2,"iceandfire:silver_pickaxe":1,"minecraft:bread":46,"minecraft:mossy_cobblestone":10,"minecraft:smithing_table":1,"minecraft:poisonous_potato":1,"minecraft:plenty_pottery_sherd":1,"minecraft:lead":2,"minecraft:observer":1,"delightful:green_tea_leaf":2,"minecraft:amethyst_block":11,"minecraft:copper_ingot":6,"iceandfire:cyclops_eye":1,"minecraft:stick":33,"betterarcheology:bomb":1,"illagerinvasion:platinum_chunk":4,"mca:book_romance":2,"quark:clear_shard":1,"minecraft:diorite":46,"minecraft:brewing_stand":1,"minecraft:torch":48,"minecraft:melon_slice":76,"minecraft:iron_door":1,"tombstone:grave_dust":15,"minecraft:iron_leggings":1,"iceandfire:armor_black_helmet":1,"regions_unexplored:blackwood_planks":20,"moreusefulcopper:copper_leggings":1,"minecraft:bucket":3,"minecraft:tripwire_hook":10,"minecraft:smooth_basalt":7,"minecraft:redstone":14,"minecraft:jungle_pressure_plate":1,"iceandfire:lightning_dragon_heart":1,"minecraft:raw_copper":37,"minecraft:tuff":1,"betterarcheology:artifact_shards":1,"minecraft:raw_iron":25,"minecraft:smoker":1,"minecraft:totem_of_undying":9,"dungeonnowloading:spawner_fragment":10,"tombstone:scroll_of_unstable_intangibility":1,"minecraft:filled_map":2,"minecraft:shield":1,"minecraft:oak_button":1,"minecraft:iron_chestplate":2,"minecraft:andesite":18,"minecraft:mossy_stone_bricks":5,"minecraft:oak_sapling":28,"moreusefulcopper:copper_boots":1,"tombstone:essence_of_undeath":1,"iceandfire:armor_black_chestplate":1,"minecraft:stone_pickaxe":3,"minecraft:wooden_pickaxe":4,"minecraft:raw_gold":14,"regions_unexplored:redwood_shrub":1,"minecraft:calcite":6,"minecraft:brick":8},"minecraft:picked_up":{"minecraft:iron_chestplate":4,"minecraft:flower_pot":2,"minecraft:creeper_head":3,"minecraft:suspicious_stew":5,"minecraft:smithing_table":2,"minecraft:enchanted_book":11,"minecraft:brewing_stand":2,"sophisticatedbackpacks:magnet_upgrade":2,"minecraft:amethyst_block":11,"minecraft:string":44,"minecraft:cooked_salmon":5,"minecraft:shroomlight":4,"minecraft:gold_nugget":12,"supplementaries:hourglass":1,"minecraft:cobbled_deepslate":109,"minecraft:melon_slice":119,"regions_unexplored:blackwood_planks":10,"minecraft:spruce_pressure_plate":1,"minecraft:sheaf_pottery_sherd":4,"minecraft:big_dripleaf":3,"iceandfire:lightning_dragon_flesh":4,"minecraft:golden_chestplate":4,"minecraft:cauldron":1,"mutantmonsters:mutant_skeleton_pelvis":1,"farmersdelight:onion":5,"supplementaries:ash":31,"autumnity:turkey":1,"minecraft:iron_bars":10,"iceandfire:dragonscales_black":29,"minecraft:cooked_beef":303,"minecraft:mossy_cobblestone_slab":2,"minecraft:feather":4,"minecraft:iron_door":2,"minecraft:jungle_log":1,"ecologics:coconut_planks":1,"minecraft:smoker":3,"delightful:mini_melon":20,"dungeonnowloading:dungeon_wall_torch":1,"galosphere:raw_silver":12,"dungeonnowloading:spawner_frame":7,"goated:chevon":1,"alexsmobs:crocodile_egg":2,"ecologics:coconut_husk":4,"iceandfire:lightning_dragon_heart":2,"alexsmobs:animal_dictionary":2,"minecraft:dark_oak_log":18,"minecraft:dispenser":2,"comforts:sleeping_bag_blue":7,"minecraft:writable_book":1,"graveyard:lower_bone_staff":22,"minecraft:granite":52,"minecraft:golden_horse_armor":1,"minecraft:bread":8,"alexsmobs:maggot":2,"minecraft:plenty_pottery_sherd":1,"minecraft:crimson_roots":1,"iceandfire:raw_silver":15,"iceandfire:dragon_skull_lightning":3,"sophisticatedbackpacks:gold_backpack":2,"minecraft:mud":1,"minecraft:coarse_dirt":2,"minecraft:crafting_table":2,"minecraft:redstone_lamp":2,"minecraft:clay_ball":344,"minecraft:leather_leggings":1,"ecologics:seashell":1,"artifacts:power_glove":1,"minecraft:iron_shovel":1,"dungeonnowloading:spawner_fragment":34,"minecraft:cracked_stone_bricks":2,"minecraft:music_disc_otherside":1,"minecraft:beef":4,"minecraft:poppy":2,"minecraft:spruce_slab":1,"minecraft:chest":2,"minecraft:sandstone":104,"minecraft:oak_door":1,"sophisticatedbackpacks:backpack":1,"minecraft:carrot":247,"minecraft:redstone":23,"minecraft:beetroot_seeds":9,"minecraft:decorated_pot":9,"minecraft:hay_block":13,"aquaculture:carp":1,"tombstone:essence_of_undeath":1,"minecraft:gold_ingot":8,"minecraft:totem_of_undying":9,"sophisticatedbackpacks:copper_backpack":2,"minecraft:glow_berries":2,"minecraft:mutton":3,"minecraft:white_wool":6,"minecraft:bone_block":22,"minecraft:oxeye_daisy":1,"biomesoplenty:black_sandstone":2,"minecraft:tripwire_hook":8,"minecraft:jungle_fence":6,"minecraft:filled_map":1,"minecraft:oak_log":18,"minecraft:golden_boots":2,"dungeonnowloading:spawner_blade":4,"mowziesmobs:wrought_axe":1,"mutantmonsters:mutant_skeleton_limb":8,"minecraft:blue_bed":2,"minecraft:white_banner":26,"biomesoplenty:glowing_moss_carpet":2,"regions_unexplored:aster":2,"minecraft:stone_bricks":40,"regions_unexplored:redwood_sapling":2,"minecraft:cobweb":4,"minecraft:glass_bottle":7,"minecraft:arms_up_pottery_sherd":1,"iceandfire:copper_nugget":96,"minecraft:smooth_basalt":7,"minecraft:gravel":20,"betterarcheology:villager_fossil_body":2,"minecraft:prize_pottery_sherd":2,"betterarcheology:villager_fossil_head":1,"minecraft:spruce_log":2,"minecraft:brewer_pottery_sherd":4,"biomesoplenty:mahogany_log":37,"minecraft:snort_pottery_sherd":1,"minecraft:oak_button":1,"minecraft:baked_potato":10,"minecraft:melon_seeds":8,"minecraft:wheat":24,"illagerinvasion:platinum_chunk":61,"quark:hollow_oak_log":1,"minecraft:potion":1,"minecraft:stone_brick_stairs":2,"minecraft:raw_copper":79,"mutantmonsters:mutant_skeleton_skull":3,"minecraft:smooth_stone_slab":1,"minecraft:iron_leggings":1,"minecraft:armor_stand":6,"minecraft:smooth_stone":7,"minecraft:comparator":2,"minecraft:bucket":2,"minecraft:calcite":6,"delightful:green_tea_leaf":1,"regions_unexplored:blackwood_log":32,"minecraft:iron_boots":5,"alexsmobs:leafcutter_ant_chamber":19,"minecraft:furnace":1,"minecraft:stick":34,"mowziesmobs:sol_visage":1,"minecraft:torch":138,"minecraft:porkchop":6,"tombstone:grave_dust":19,"minecraft:diorite":57,"minecraft:rotten_flesh":93,"regions_unexplored:mauve_log":2,"minecraft:music_disc_ward":1,"biomesoplenty:mahogany_sapling":6,"ecologics:coconut_log":3,"alexsdelight:raw_bison":3,"mutantmonsters:mutant_skeleton_shoulder_pad":1,"minecraft:cobblestone":7513,"minecraft:leather_chestplate":1,"farmersdelight:onion_crate":1,"minecraft:jungle_pressure_plate":1,"minecraft:andesite":43,"minecraft:golden_leggings":1,"minecraft:potato":10,"paraglider:spirit_orb":12,"minecraft:tuff":5,"supplementaries:flax_seeds":4,"minecraft:lapis_lazuli":98,"minecraft:dirt":271,"minecraft:leather_boots":2,"minecraft:bone":64,"minecraft:bow":2,"minecraft:wheat_seeds":49,"minecraft:raw_gold":14,"minecraft:grindstone":2,"alexsmobs:gongylidia":1,"minecraft:mossy_stone_bricks":14,"minecraft:fletching_table":3,"minecraft:bamboo":1,"minecraft:oak_planks":67,"biomesoplenty:toadstool":1,"minecraft:cooked_porkchop":10,"minecraft:music_disc_13":2,"betterarcheology:artifact_shards":2,"minecraft:oak_pressure_plate":4,"minecraft:poisonous_potato":1,"minecraft:jungle_planks":1,"minecraft:sand":72,"minecraft:jungle_slab":1,"minecraft:mossy_cobblestone":19,"galosphere:silver_nugget":133,"minecraft:sugar":1,"minecraft:clay":21,"minecraft:diamond":14,"waystones:waystone":2,"minecraft:crossbow":10,"regions_unexplored:redwood_shrub":1,"minecraft:bone_meal":52,"minecraft:emerald":84,"minecraft:oak_sapling":1,"minecraft:charcoal":2,"minecraft:allium":10,"minecraft:splash_potion":2,"minecraft:ladder":2,"minecraft:brown_mushroom":1,"minecraft:wooden_pickaxe":2,"dungeonnowloading:cobblestone_pebble":4,"minecraft:gold_block":12,"minecraft:chain":1,"minecraft:brick":8,"minecraft:shield":1,"minecraft:iron_axe":1,"minecraft:item_frame":1,"biomesoplenty:black_sand":3,"tombstone:scroll_of_unstable_intangibility":1,"minecraft:observer":2,"minecraft:lectern":1,"tombstone:tablet_of_assistance":1,"minecraft:dark_oak_sapling":2,"minecraft:raw_iron":49,"iceandfire:dragonbone":28,"ecologics:coconut_slice":10,"minecraft:copper_ingot":6,"minecraft:note_block":2,"minecraft:friend_pottery_sherd":1,"alexsmobs:leafcutter_ant_pupa":7,"alexsmobs:crocodile_scute":1,"minecraft:stone_pressure_plate":5,"minecraft:arrow":25,"iceandfire:cyclops_eye":1,"galosphere:silver_upgrade_smithing_template":4,"crittersandcompanions:silk":3,"mutantmonsters:mutant_skeleton_rib":6,"minecraft:saddle":2,"minecraft:skeleton_skull":1,"mowziesmobs:umvuthana_mask_fury":1,"dungeonnowloading:chaotic_hexahedron":1,"minecraft:leather":35,"minecraft:chainmail_chestplate":2,"minecraft:gunpowder":49,"mca:book_romance":1,"minecraft:cooked_mutton":5,"minecraft:rabbit_hide":6,"minecraft:iron_ingot":35,"minecraft:book":14,"minecraft:emerald_block":10,"minecraft:pumpkin":3,"minecraft:chiseled_stone_bricks":1,"iceandfire:ash":1,"minecraft:dripstone_block":2,"minecraft:amethyst_shard":4,"mowziesmobs:wrought_helmet":1,"minecraft:blast_furnace":2,"minecraft:white_bed":2,"dungeonnowloading:great_experience_bottle":10,"quark:oak_chest":1,"biomesoplenty:glowing_moss_block":6,"minecraft:green_carpet":2,"minecraft:spider_eye":14,"minecraft:stripped_jungle_log":23,"iceandfire:silver_pickaxe":1,"minecraft:pumpkin_seeds":30,"regions_unexplored:blackwood_sapling":10,"minecraft:iron_helmet":1,"minecraft:stripped_jungle_wood":7,"tombstone:magic_scroll":1,"minecraft:damaged_anvil":2,"minecraft:coal":208,"minecraft:sunflower":45}},"DataVersion":3465}