{"stats":{"minecraft:custom":{"minecraft:jump":23,"minecraft:time_since_rest":7393,"minecraft:damage_taken":10,"minecraft:damage_dealt":70,"minecraft:crouch_one_cm":122,"minecraft:sprint_one_cm":1865,"minecraft:leave_game":2,"minecraft:play_time":7393,"minecraft:time_since_death":7393,"minecraft:walk_one_cm":16374,"minecraft:sneak_time":96,"minecraft:total_world_time":7393,"minecraft:fly_one_cm":1564},"minecraft:used":{"alexsmobs:animal_dictionary":1},"minecraft:mined":{"minecraft:grass":1}},"DataVersion":3465}