{"stats":{"minecraft:custom":{"minecraft:animals_bred":21,"minecraft:interact_with_crafting_table":119,"minecraft:open_barrel":3,"goblintraders:trade_with_goblin":20,"minecraft:leave_game":4,"minecraft:time_since_death":459109,"minecraft:sprint_one_cm":1270202,"minecraft:damage_blocked_by_shield":30,"minecraft:drop":149,"minecraft:talked_to_villager":5,"minecraft:play_time":499571,"minecraft:deaths":1,"minecraft:jump":5412,"minecraft:walk_on_water_one_cm":20874,"minecraft:interact_with_furnace":212,"minecraft:sleep_in_bed":7,"minecraft:waystone_activated":3,"minecraft:damage_dealt":11778,"minecraft:crouch_one_cm":21041,"tombstone:undead_killed":22,"minecraft:interact_with_smoker":37,"minecraft:mob_kills":62,"minecraft:climb_one_cm":36,"minecraft:walk_one_cm":1396954,"minecraft:damage_dealt_absorbed":80,"minecraft:sneak_time":7584,"minecraft:walk_under_water_one_cm":12350,"minecraft:interact_with_blast_furnace":47,"minecraft:total_world_time":499571,"minecraft:time_since_rest":111033,"minecraft:damage_taken":6581,"minecraft:swim_one_cm":30601,"minecraft:fly_one_cm":1351520,"minecraft:open_chest":370,"minecraft:fall_one_cm":101687},"minecraft:used":{"minecraft:iron_shovel":1104,"minecraft:chest":26,"minecraft:shield":1,"minecraft:iron_sword":133,"minecraft:rotten_flesh":17,"minecraft:carrot":12,"regions_unexplored:mauve_sapling":31,"minecraft:milk_bucket":1,"minecraft:glass":164,"minecraft:stone_bricks":1541,"minecraft:oak_sapling":12,"minecraft:furnace":13,"minecraft:skeleton_skull":1,"minecraft:egg":5,"minecraft:potato":106,"minecraft:diorite":9,"minecraft:stone_pickaxe":207,"minecraft:oak_planks":388,"minecraft:wooden_pickaxe":8,"minecraft:sandstone":401,"minecraft:sugar_cane":27,"elevatorid:elevator_white":2,"minecraft:blast_furnace":5,"minecraft:stone_brick_wall":19,"comforts:sleeping_bag_blue":6,"waystones:waystone":1,"minecraft:bread":38,"regions_unexplored:mauve_fence":147,"minecraft:melon_slice":23,"ecologics:coconut_slice":2,"justhammers:diamond_reinforced_impact_hammer":200,"minecraft:oak_boat":6,"minecraft:bone_meal":180,"delightful:acorn":4,"minecraft:stone_hoe":138,"minecraft:oak_door":5,"minecraft:stick":2,"minecraft:torch":205,"minecraft:dirt":305,"minecraft:stone_brick_slab":12,"minecraft:bookshelf":10,"minecraft:iron_axe":459,"minecraft:beef":6,"minecraft:netherite_pickaxe":41,"tombstone:gift":2,"minecraft:cooked_beef":2,"minecraft:wheat_seeds":71,"minecraft:water_bucket":33,"minecraft:baked_potato":92,"minecraft:birch_boat":5,"quark:acacia_bookshelf":4,"minecraft:crafting_table":4,"minecraft:smoker":7,"minecraft:oak_log":23,"minecraft:apple":10,"minecraft:iron_pickaxe":523,"minecraft:stone_axe":45,"minecraft:blue_carpet":15,"iceandfire:silver_hoe":200,"minecraft:cobblestone":37,"minecraft:cooked_porkchop":5,"minecraft:bucket":33,"quark:oak_chest":8,"alexsmobs:animal_dictionary":1},"minecraft:mined":{"minecraft:blue_carpet":2,"minecraft:large_amethyst_bud":2,"quark:yellow_blossom_leaves":1,"minecraft:cobblestone_stairs":3,"minecraft:granite":22,"minecraft:grass_block":681,"quark:acacia_bookshelf":4,"minecraft:blue_wool":25,"minecraft:smooth_stone":8,"minecraft:iron_ore":58,"minecraft:pumpkin":4,"supplementaries:stick":2,"minecraft:dirt_path":17,"minecraft:spruce_slab":1,"minecraft:deepslate_redstone_ore":2,"minecraft:smoker":2,"minecraft:torch":17,"minecraft:blast_furnace":1,"galosphere:silver_ore":12,"minecraft:glass":14,"minecraft:cobblestone":22,"minecraft:sugar_cane":84,"minecraft:oak_planks":17,"minecraft:bricks":1,"minecraft:wall_torch":33,"minecraft:amethyst_block":1,"minecraft:skeleton_skull":1,"regions_unexplored:hyssop":1,"minecraft:wheat":3,"minecraft:grass":106,"dungeonnowloading:explosive_barrel":2,"minecraft:sand":401,"minecraft:dirt":49,"minecraft:oak_leaves":8,"minecraft:deepslate":11,"graveyard:torso_pile":1,"iceandfire:silver_ore":8,"minecraft:mossy_cobblestone":2,"farmersdelight:wild_carrots":1,"minecraft:allium":1,"minecraft:decorated_pot":5,"iceandfire:deepslate_silver_ore":1,"minecraft:spruce_leaves":1,"minecraft:sandstone":72,"minecraft:hay_block":17,"minecraft:deepslate_brick_slab":2,"minecraft:redstone_ore":7,"minecraft:furnace":10,"minecraft:andesite":13,"treechop:chopped_log":52,"minecraft:bookshelf":4,"minecraft:potatoes":10,"minecraft:deepslate_iron_ore":2,"crittersandcompanions:silk_cocoon":1,"minecraft:bamboo":1,"minecraft:stone":188,"diagonalwalls:minecraft/stone_brick_wall":1,"quark:spruce_bookshelf":1,"minecraft:crafting_table":1,"minecraft:emerald_ore":2,"minecraft:copper_ore":30,"minecraft:tall_grass":2,"minecraft:deepslate_coal_ore":3,"minecraft:diorite":29,"minecraft:blue_bed":1,"minecraft:birch_planks":5,"minecraft:coarse_dirt":8,"diagonalfences:regions_unexplored/mauve_fence":2,"minecraft:coal_ore":106,"minecraft:flower_pot":1,"minecraft:sunflower":54,"minecraft:gravel":19,"minecraft:stone_bricks":107,"minecraft:gold_ore":6,"minecraft:fern":4},"minecraft:crafted":{"minecraft:black_dye":3,"minecraft:smooth_stone":9,"minecraft:oak_planks":584,"minecraft:birch_boat":1,"regions_unexplored:mauve_fence":147,"minecraft:stone":1015,"sophisticatedbackpacks:crafting_upgrade":1,"minecraft:bookshelf":1,"quark:acacia_bookshelf":4,"moreusefulcopper:copper_helmet":1,"minecraft:glass":143,"minecraft:stone_brick_slab":12,"minecraft:chest":14,"galosphere:silver_ingot":12,"minecraft:stone_hoe":1,"minecraft:stone_bricks":1476,"minecraft:smoker":5,"sophisticatedbackpacks:backpack":3,"quark:blossom_planks":84,"minecraft:cooked_porkchop":32,"minecraft:crafting_table":4,"minecraft:wooden_pickaxe":1,"minecraft:baked_potato":99,"minecraft:copper_ingot":101,"minecraft:birch_planks":20,"sophisticatedbackpacks:upgrade_base":1,"minecraft:book":7,"minecraft:paper":66,"minecraft:purple_dye":1,"minecraft:shield":1,"sophisticatedbackpacks:diamond_backpack":1,"minecraft:stick":168,"quark:oak_chest":10,"minecraft:iron_ingot":80,"minecraft:iron_pickaxe":3,"minecraft:gold_ingot":16,"minecraft:sandstone":158,"minecraft:shears":1,"moreusefulcopper:copper_chestplate":2,"minecraft:oak_door":6,"minecraft:stone_brick_wall":30,"biomesoplenty:mahogany_planks":24,"quark:jungle_chest":1,"minecraft:furnace":12,"minecraft:blast_furnace":4,"minecraft:bone_meal":180,"iceandfire:armor_copper_metal_helmet":1,"moreusefulcopper:copper_leggings":2,"quark:acacia_chest":14,"alexsdelight:cooked_bison":4,"regions_unexplored:mauve_planks":272,"minecraft:iron_axe":2,"comforts:sleeping_bag_blue":4,"minecraft:wheat":144,"sophisticatedbackpacks:iron_backpack":3,"minecraft:cooked_beef":10,"paraglider:paraglider":1,"elevatorid:elevator_white":2,"minecraft:iron_sword":2,"sophisticatedbackpacks:gold_backpack":4,"minecraft:bread":55,"minecraft:air":0,"minecraft:jungle_planks":8,"regions_unexplored:redwood_planks":36,"moreusefulcopper:copper_boots":2,"minecraft:iron_shovel":5,"minecraft:acacia_planks":144,"minecraft:torch":208,"minecraft:blue_carpet":15,"iceandfire:silver_hoe":1},"minecraft:killed_by":{"minecraft:player":1},"minecraft:killed":{"minecraft:spider":8,"minecraft:skeleton":6,"minecraft:pig":7,"minecraft:creeper":3,"minecraft:zombie":16,"minecraft:cow":13,"graveyard:nightmare":1,"minecraft:horse":2,"alexsmobs:bison":1,"minecraft:squid":1,"minecraft:enderman":2},"minecraft:broken":{"minecraft:iron_shovel":3,"minecraft:stone_pickaxe":2,"moreusefulcopper:copper_boots":1,"minecraft:stone_axe":1,"minecraft:stone_hoe":1,"minecraft:iron_axe":2,"minecraft:iron_pickaxe":1},"minecraft:dropped":{"sophisticatedbackpacks:iron_backpack":1,"minecraft:iron_sword":2,"minecraft:moss_block":2,"minecraft:birch_planks":1,"minecraft:cooked_beef":8,"minecraft:baked_potato":16,"ecologics:coconut_slice":2,"justhammers:diamond_reinforced_impact_hammer":1,"sophisticatedbackpacks:gold_backpack":2,"minecraft:cobblestone_stairs":3,"minecraft:dirt":111,"alexsmobs:flying_fish":1,"comforts:sleeping_bag_blue":6,"minecraft:sunflower":45,"minecraft:iron_pickaxe":1,"minecraft:oak_door":2,"minecraft:gravel":16,"alexsmobs:animal_dictionary":1,"minecraft:cobbled_deepslate":41,"minecraft:birch_sapling":1,"minecraft:blue_wool":3,"minecraft:deepslate_brick_slab":1,"minecraft:rotten_flesh":2,"dungeonnowloading:mossy_cobblestone_pebble":1,"minecraft:oak_planks":1,"sophisticatedbackpacks:diamond_backpack":1,"minecraft:gunpowder":1,"minecraft:stone_brick_wall":36,"ecologics:coconut_husk":2,"minecraft:chest":2,"minecraft:spruce_slab":1,"minecraft:glass":47,"minecraft:bread":26,"minecraft:iron_ingot":61,"minecraft:netherite_pickaxe":1,"minecraft:wheat_seeds":2,"minecraft:poisonous_potato":3,"minecraft:cobblestone":318,"minecraft:granite":17,"minecraft:stick":2,"moreusefulcopper:copper_chestplate":1,"quark:clear_shard":1,"minecraft:diorite":10,"minecraft:torch":192,"minecraft:brown_wool":2,"tombstone:grave_dust":4,"regions_unexplored:blackwood_planks":10,"minecraft:smooth_stone":11,"minecraft:paper":33,"moreusefulcopper:copper_leggings":1,"minecraft:iron_shovel":4,"minecraft:blue_carpet":3,"minecraft:smooth_basalt":7,"minecraft:dandelion":4,"minecraft:bricks":2,"regions_unexplored:mauve_planks":24,"iceandfire:armor_copper_metal_helmet":2,"crittersandcompanions:silk":3,"minecraft:shield":1,"minecraft:allium":2,"moreusefulcopper:copper_boots":1,"minecraft:sandstone":1,"minecraft:wooden_pickaxe":1},"minecraft:picked_up":{"minecraft:wooden_axe":1,"minecraft:iron_chestplate":1,"minecraft:wheat":144,"minecraft:flower_pot":1,"minecraft:suspicious_stew":4,"minecraft:lead":4,"minecraft:enchanted_book":1,"moreusefulcopper:copper_leggings":1,"minecraft:amethyst_block":8,"minecraft:string":15,"minecraft:raw_copper":165,"minecraft:iron_leggings":1,"minecraft:armor_stand":1,"minecraft:smooth_stone":15,"minecraft:cobbled_deepslate":50,"delightful:acorn":14,"minecraft:calcite":6,"dungeonnowloading:mossy_cobblestone_pebble":1,"minecraft:iron_pickaxe":2,"minecraft:melon_slice":48,"delightful:green_tea_leaf":23,"regions_unexplored:redwood_log":25,"minecraft:furnace":10,"minecraft:blue_wool":28,"regions_unexplored:blackwood_planks":10,"minecraft:stick":111,"minecraft:torch":149,"minecraft:acacia_log":36,"quark:blossom_log":85,"minecraft:porkchop":13,"tombstone:grave_dust":7,"minecraft:diorite":51,"minecraft:goat_horn":2,"quark:clear_shard":42,"minecraft:rotten_flesh":19,"biomesoplenty:mahogany_sapling":7,"regions_unexplored:mauve_log":112,"farmersdelight:onion":3,"alexsdelight:raw_bison":4,"minecraft:bookshelf":3,"supplementaries:ash":11,"alexsmobs:flying_fish":1,"minecraft:cobblestone":1645,"farmersdelight:onion_crate":2,"minecraft:andesite":76,"minecraft:jungle_log":12,"minecraft:brown_wool":2,"minecraft:smoker":2,"minecraft:potato":359,"alexsmobs:bison_fur":1,"minecraft:flint":2,"supplementaries:flax_seeds":8,"minecraft:dirt":845,"minecraft:name_tag":1,"minecraft:glass":51,"minecraft:bone":25,"minecraft:wheat_seeds":210,"minecraft:deepslate_brick_slab":1,"minecraft:raw_gold":19,"minecraft:bamboo":16,"galosphere:raw_silver":20,"minecraft:moss_block":2,"minecraft:oak_planks":65,"minecraft:poisonous_potato":3,"minecraft:sand":386,"ecologics:coconut_husk":2,"sophisticatedbackpacks:iron_backpack":1,"minecraft:ink_sac":3,"minecraft:grass_block":1,"alexsmobs:animal_dictionary":1,"minecraft:mossy_cobblestone":3,"regions_unexplored:mauve_planks":20,"regions_unexplored:hyssop":1,"comforts:sleeping_bag_blue":8,"minecraft:diamond":20,"waystones:waystone":1,"minecraft:crossbow":2,"minecraft:granite":54,"minecraft:bone_meal":100,"minecraft:bread":45,"minecraft:golden_horse_armor":1,"minecraft:emerald":9,"minecraft:oak_sapling":97,"moreusefulcopper:copper_boots":1,"minecraft:bricks":2,"iceandfire:raw_silver":13,"sophisticatedbackpacks:gold_backpack":1,"minecraft:coarse_dirt":8,"minecraft:crafting_table":1,"minecraft:allium":2,"minecraft:stone_brick_wall":25,"minecraft:brick":20,"minecraft:iron_shovel":3,"regions_unexplored:mauve_fence":2,"graveyard:corruption":1,"tombstone:scroll_of_unstable_intangibility":1,"minecraft:beef":30,"minecraft:oak_boat":7,"minecraft:spruce_slab":2,"quark:yellow_blossom_sapling":5,"minecraft:sugar_cane":95,"minecraft:chest":4,"minecraft:birch_sapling":1,"moreusefulcopper:copper_helmet":1,"minecraft:egg":7,"minecraft:dark_oak_sapling":2,"minecraft:raw_iron":61,"minecraft:sandstone":141,"minecraft:stone":88,"minecraft:oak_door":1,"ecologics:coconut_slice":6,"minecraft:copper_ingot":20,"minecraft:carrot":45,"minecraft:redstone":42,"minecraft:netherite_pickaxe":1,"minecraft:iron_horse_armor":1,"minecraft:blue_carpet":5,"galosphere:silver_upgrade_smithing_template":4,"iceandfire:silver_ingot":4,"minecraft:arrow":12,"artifacts:cowboy_hat":1,"regions_unexplored:mauve_sapling":70,"quark:orange_blossom_sapling":1,"crittersandcompanions:silk":3,"minecraft:hay_block":16,"minecraft:saddle":1,"minecraft:gold_ingot":10,"minecraft:totem_of_undying":1,"sophisticatedbackpacks:copper_backpack":1,"minecraft:glow_berries":1,"minecraft:mutton":2,"minecraft:skeleton_skull":1,"minecraft:white_wool":22,"minecraft:bone_block":16,"minecraft:tripwire_hook":7,"minecraft:leather":21,"alexsmobs:acacia_blossom":2,"minecraft:birch_planks":6,"minecraft:oak_log":211,"minecraft:gunpowder":7,"iceandfire:armor_copper_metal_helmet":1,"minecraft:cobblestone_stairs":3,"minecraft:blue_bed":1,"minecraft:apple":21,"minecraft:stone_bricks":112,"minecraft:iron_ingot":40,"minecraft:stone_pickaxe":2,"minecraft:cobweb":9,"moreusefulcopper:copper_chestplate":1,"minecraft:iron_sword":1,"minecraft:acacia_sapling":14,"minecraft:book":27,"minecraft:smooth_basalt":7,"minecraft:birch_boat":5,"minecraft:pumpkin":4,"minecraft:dandelion":6,"minecraft:gravel":16,"justhammers:diamond_reinforced_impact_hammer":1,"minecraft:blast_furnace":1,"minecraft:spruce_log":2,"minecraft:spider_eye":4,"supplementaries:clock_block":1,"minecraft:stripped_jungle_log":2,"biomesoplenty:mahogany_log":29,"minecraft:baked_potato":11,"minecraft:coal":211,"minecraft:ender_pearl":3,"minecraft:sunflower":55}},"DataVersion":3465}